full_name,email,phone
Debra Burks,debra.burks@yahoo.com,NULL
Kasha Todd,kasha.todd@yahoo.com,NULL
Tameka Fisher,tameka.fisher@aol.com,NULL
Daryl Spence,daryl.spence@aol.com,NULL
Charolette Rice,charolette.rice@msn.com,(916) 381-6003
Lyndsey Bean,lyndsey.bean@hotmail.com,NULL
Latasha Hays,latasha.hays@hotmail.com,(716) 986-3359
Jacquline Duncan,jacquline.duncan@yahoo.com,NULL
Genoveva Baldwin,genoveva.baldwin@msn.com,NULL
Pamelia Newman,pamelia.newman@gmail.com,NULL
Deshawn Mendoza,deshawn.mendoza@yahoo.com,NULL
Robby Sykes,robby.sykes@hotmail.com,(516) 583-7761
Lashawn Ortiz,lashawn.ortiz@msn.com,NULL
Garry Espinoza,garry.espinoza@hotmail.com,NULL
Linnie Branch,linnie.branch@gmail.com,NULL
Emmitt Sanchez,emmitt.sanchez@hotmail.com,(212) 945-8823
Caren Stephens,caren.stephens@msn.com,NULL
Georgetta Hardin,georgetta.hardin@aol.com,NULL
Lizzette Stein,lizzette.stein@yahoo.com,NULL
Aleta Shepard,aleta.shepard@aol.com,NULL
Tobie Little,tobie.little@gmail.com,NULL
Adelle Larsen,adelle.larsen@gmail.com,NULL
Kaylee English,kaylee.english@msn.com,NULL
Corene Wall,corene.wall@msn.com,NULL
Regenia Vaughan,regenia.vaughan@gmail.com,NULL
Theo Reese,theo.reese@gmail.com,(562) 215-2907
Santos Valencia,santos.valencia@yahoo.com,NULL
Jeanice Frost,jeanice.frost@hotmail.com,NULL
Syreeta Hendricks,syreeta.hendricks@msn.com,NULL
Jamaal Albert,jamaal.albert@gmail.com,NULL
Williemae Holloway,williemae.holloway@msn.com,(510) 246-8375
Araceli Golden,araceli.golden@msn.com,NULL
Deloris Burke,deloris.burke@hotmail.com,NULL
Brittney Woodward,brittney.woodward@aol.com,NULL
Guillermina Noble,guillermina.noble@msn.com,NULL
Bernita Mcdaniel,bernita.mcdaniel@hotmail.com,NULL
Melia Brady,melia.brady@gmail.com,NULL
Zelma Browning,zelma.browning@aol.com,NULL
Janetta Aguirre,janetta.aguirre@aol.com,(717) 670-2634
Ronna Butler,ronna.butler@gmail.com,NULL
Kathie Freeman,kathie.freeman@msn.com,NULL
Tangela Quinn,tangela.quinn@aol.com,NULL
Mozelle Carter,mozelle.carter@aol.com,(281) 489-9656
Onita Johns,onita.johns@msn.com,NULL
Bennett Armstrong,bennett.armstrong@aol.com,NULL
Monika Berg,monika.berg@gmail.com,NULL
Bridgette Guerra,bridgette.guerra@hotmail.com,NULL
Cesar Jackson,cesar.jackson@gmail.com,NULL
Caroll Hays,caroll.hays@yahoo.com,NULL
Cleotilde Booth,cleotilde.booth@gmail.com,NULL
Gertrud Rhodes,gertrud.rhodes@aol.com,NULL
Tu Ramirez,tu.ramirez@hotmail.com,NULL
Saturnina Garner,saturnina.garner@gmail.com,NULL
Fran Yang,fran.yang@hotmail.com,NULL
Diana Guerra,diana.guerra@hotmail.com,NULL
Lolita Mosley,lolita.mosley@hotmail.com,(281) 363-3309
Pamala Henry,pamala.henry@aol.com,NULL
Damien Dorsey,damien.dorsey@yahoo.com,NULL
Latasha Stanley,latasha.stanley@gmail.com,NULL
Neil Mccall,neil.mccall@gmail.com,NULL
Elinore Aguilar,elinore.aguilar@msn.com,NULL
Alica Hunter,alica.hunter@hotmail.com,NULL
Tenisha Lyons,tenisha.lyons@aol.com,NULL
Bobbie Foster,bobbie.foster@yahoo.com,NULL
Kanesha Vega,kanesha.vega@gmail.com,NULL
Lorrie Becker,lorrie.becker@yahoo.com,NULL
Tommie Melton,tommie.melton@gmail.com,(916) 802-2952
Jayne Kirkland,jayne.kirkland@hotmail.com,NULL
Katelin Kennedy,katelin.kennedy@gmail.com,NULL
Tomasa Carson,tomasa.carson@aol.com,NULL
Takako Casey,takako.casey@aol.com,NULL
Petronila Norris,petronila.norris@aol.com,NULL
Melanie Hayes,melanie.hayes@msn.com,NULL
Georgeann Waller,georgeann.waller@yahoo.com,NULL
Abby Gamble,abby.gamble@aol.com,NULL
Parker Prince,parker.prince@hotmail.com,NULL
Keri Bridges,keri.bridges@gmail.com,NULL
Chi Goff,chi.goff@aol.com,NULL
Ashanti Parks,ashanti.parks@hotmail.com,NULL
Sarai Mckee,sarai.mckee@msn.com,(716) 912-8110
Zina Bonner,zina.bonner@hotmail.com,NULL
Lizzie Joyner,lizzie.joyner@msn.com,NULL
Tiesha Daniel,tiesha.daniel@yahoo.com,NULL
Armand Whitehead,armand.whitehead@hotmail.com,NULL
Teofila Fischer,teofila.fischer@aol.com,NULL
Lissa Vargas,lissa.vargas@yahoo.com,NULL
Yan Mcgowan,yan.mcgowan@msn.com,NULL
Titus Bullock,titus.bullock@gmail.com,NULL
Arvilla Osborn,arvilla.osborn@gmail.com,NULL
Marjorie Logan,marjorie.logan@msn.com,NULL
Marvin Mullins,marvin.mullins@aol.com,(619) 635-2027
Tena Cruz,tena.cruz@yahoo.com,NULL
Corrina Sawyer,corrina.sawyer@yahoo.com,(248) 370-1364
Sharyn Hopkins,sharyn.hopkins@hotmail.com,NULL
Letitia Franco,letitia.franco@aol.com,NULL
Floretta Higgins,floretta.higgins@hotmail.com,NULL
Louanne Martin,louanne.martin@hotmail.com,NULL
Violet Valenzuela,violet.valenzuela@msn.com,NULL
Carie Kidd,carie.kidd@yahoo.com,NULL
Kellie Franco,kellie.franco@yahoo.com,NULL
Nichelle Howell,nichelle.howell@aol.com,NULL
Marisol Goodman,marisol.goodman@gmail.com,NULL
Sylvie Wilkerson,sylvie.wilkerson@yahoo.com,NULL
Katharina Bates,katharina.bates@gmail.com,NULL
Marget Hodge,marget.hodge@msn.com,NULL
Raul Melendez,raul.melendez@hotmail.com,NULL
Cecil Hopper,cecil.hopper@yahoo.com,NULL
Shae Hickman,shae.hickman@hotmail.com,NULL
Monica Sears,monica.sears@aol.com,(408) 704-8863
Ollie Zimmerman,ollie.zimmerman@yahoo.com,(657) 648-2863
Shila White,shila.white@msn.com,NULL
Yuk Vega,yuk.vega@yahoo.com,NULL
Eliana Silva,eliana.silva@gmail.com,NULL
Thalia Horne,thalia.horne@yahoo.com,NULL
Rey Lindsay,rey.lindsay@gmail.com,NULL
Merlene Vinson,merlene.vinson@gmail.com,NULL
Dacia William,dacia.william@msn.com,NULL
Le Wood,le.wood@yahoo.com,NULL
Thalia Dillard,thalia.dillard@yahoo.com,NULL
Luz House,luz.house@gmail.com,(559) 114-2580
Lucy Woods,lucy.woods@gmail.com,NULL
Shena Carter,shena.carter@yahoo.com,NULL
Robena Hill,robena.hill@hotmail.com,(361) 598-4414
Jeni Booker,jeni.booker@gmail.com,NULL
Herlinda Stone,herlinda.stone@msn.com,NULL
Lavina Dejesus,lavina.dejesus@msn.com,NULL
Erlinda Nielsen,erlinda.nielsen@aol.com,NULL
Terrance Lynn,terrance.lynn@yahoo.com,NULL
Walton Dejesus,walton.dejesus@yahoo.com,NULL
Wes Stanton,wes.stanton@msn.com,(248) 247-5074
Tanesha Hampton,tanesha.hampton@hotmail.com,NULL
Boyd Irwin,boyd.irwin@hotmail.com,NULL
Delbert Wilkins,delbert.wilkins@aol.com,NULL
Brianna Moss,brianna.moss@msn.com,(516) 156-8031
Dorthey Jackson,dorthey.jackson@msn.com,(281) 926-8010
Sarita Parks,sarita.parks@msn.com,NULL
Shonta Mercer,shonta.mercer@aol.com,NULL
Jone Bernard,jone.bernard@hotmail.com,(657) 536-5165
Wanita Davenport,wanita.davenport@aol.com,NULL
Cleopatra Tate,cleopatra.tate@aol.com,NULL
Ramiro Byers,ramiro.byers@gmail.com,NULL
Nicholas Vazquez,nicholas.vazquez@hotmail.com,NULL
Janae Doyle,janae.doyle@gmail.com,NULL
Hans Price,hans.price@hotmail.com,NULL
Miquel Neal,miquel.neal@hotmail.com,NULL
Stefany Potter,stefany.potter@gmail.com,NULL
Bernetta Marquez,bernetta.marquez@hotmail.com,NULL
Julee Woodard,julee.woodard@yahoo.com,NULL
Meredith Bryan,meredith.bryan@hotmail.com,NULL
Weldon Michael,weldon.michael@hotmail.com,NULL
Joesph Delacruz,joesph.delacruz@aol.com,NULL
Katherina Odom,katherina.odom@yahoo.com,NULL
Laraine Robbins,laraine.robbins@yahoo.com,NULL
Jenise Preston,jenise.preston@yahoo.com,NULL
Lory Page,lory.page@hotmail.com,NULL
Charlyn Cantrell,charlyn.cantrell@yahoo.com,NULL
Carola Rodriquez,carola.rodriquez@hotmail.com,NULL
Alane Kennedy,alane.kennedy@yahoo.com,NULL
Regina Burns,regina.burns@aol.com,NULL
Omer Estrada,omer.estrada@gmail.com,NULL
Crystle Gilliam,crystle.gilliam@yahoo.com,NULL
Kam Wilder,kam.wilder@hotmail.com,NULL
Margert Stevens,margert.stevens@aol.com,NULL
Tomika Larson,tomika.larson@yahoo.com,NULL
Jeromy Burch,jeromy.burch@msn.com,(408) 955-8238
Lena Mills,lena.mills@yahoo.com,NULL
Loreta Johnston,loreta.johnston@yahoo.com,NULL
Nettie Mcdaniel,nettie.mcdaniel@hotmail.com,NULL
Karla Kirk,karla.kirk@yahoo.com,NULL
Regine Gonzales,regine.gonzales@gmail.com,(805) 763-4045
Miriam Baker,miriam.baker@hotmail.com,NULL
Jeanie Kirkland,jeanie.kirkland@aol.com,NULL
Marquerite Dawson,marquerite.dawson@gmail.com,NULL
Babara Ochoa,babara.ochoa@aol.com,NULL
Nova Hess,nova.hess@msn.com,NULL
Carley Reynolds,carley.reynolds@gmail.com,NULL
Carissa Foreman,carissa.foreman@msn.com,NULL
Genoveva Tyler,genoveva.tyler@gmail.com,(212) 152-6381
Deane Sears,deane.sears@hotmail.com,NULL
Karey Steele,karey.steele@gmail.com,NULL
Olevia Pitts,olevia.pitts@gmail.com,NULL
Jenniffer Bullock,jenniffer.bullock@msn.com,NULL
Jeniffer Ratliff,jeniffer.ratliff@gmail.com,NULL
Klara Stanley,klara.stanley@aol.com,NULL
Morton Lee,morton.lee@yahoo.com,NULL
Ken Charles,ken.charles@msn.com,NULL
Hedwig Paul,hedwig.paul@msn.com,NULL
Sharla Flynn,sharla.flynn@hotmail.com,(805) 478-7724
Damian Dawson,damian.dawson@hotmail.com,NULL
Toya Pratt,toya.pratt@yahoo.com,(562) 218-6405
Graciela Barber,graciela.barber@hotmail.com,(805) 656-6987
Bong Hebert,bong.hebert@gmail.com,NULL
Ayanna Rhodes,ayanna.rhodes@msn.com,NULL
Dorine Roberson,dorine.roberson@msn.com,NULL
Addie Hahn,addie.hahn@hotmail.com,NULL
Edythe Valencia,edythe.valencia@yahoo.com,NULL
Andy O'neill,andy.o'neill@msn.com,NULL
Luis Tyler,luis.tyler@gmail.com,NULL
Clelia Workman,clelia.workman@yahoo.com,NULL
Ashely Holmes,ashely.holmes@aol.com,NULL
Candis Harding,candis.harding@gmail.com,NULL
Marni Bolton,marni.bolton@msn.com,(717) 670-6268
Minerva Decker,minerva.decker@yahoo.com,(281) 271-6390
Alpha King,alpha.king@hotmail.com,NULL
Harris Pittman,harris.pittman@yahoo.com,NULL
Stephaine Riddle,stephaine.riddle@hotmail.com,NULL
Michel Blankenship,michel.blankenship@msn.com,NULL
Denis Logan,denis.logan@msn.com,NULL
Jutta Everett,jutta.everett@gmail.com,NULL
Priscilla Wilkins,priscilla.wilkins@aol.com,(229) 322-2269
Gilma Dejesus,gilma.dejesus@yahoo.com,NULL
Buford Bridges,buford.bridges@msn.com,(248) 604-7346
Elenore Hensley,elenore.hensley@hotmail.com,NULL
Ross Pugh,ross.pugh@msn.com,NULL
Judith Finley,judith.finley@hotmail.com,NULL
Wai Soto,wai.soto@msn.com,NULL
Carline Collier,carline.collier@msn.com,(559) 810-6070
Casey Gill,casey.gill@gmail.com,NULL
Darcie Morgan,darcie.morgan@aol.com,(442) 618-7068
Lucio Sherman,lucio.sherman@gmail.com,NULL
Clementine Mooney,clementine.mooney@yahoo.com,NULL
Anya Contreras,anya.contreras@msn.com,NULL
Scarlet Yates,scarlet.yates@hotmail.com,NULL
Moses Pope,moses.pope@yahoo.com,NULL
Barbera Riggs,barbera.riggs@aol.com,NULL
Kiana Rivera,kiana.rivera@gmail.com,NULL
Danielle Bond,danielle.bond@msn.com,NULL
Whitney Estes,whitney.estes@gmail.com,(631) 315-4020
Molly Langley,molly.langley@aol.com,NULL
Chelsey Hardin,chelsey.hardin@hotmail.com,NULL
Jenee Rasmussen,jenee.rasmussen@hotmail.com,(916) 219-1774
Freddie Mathis,freddie.mathis@hotmail.com,NULL
Mariana Strong,mariana.strong@msn.com,NULL
Winfred Harris,winfred.harris@msn.com,NULL
Jeromy Elliott,jeromy.elliott@gmail.com,NULL
Verona O'neill,verona.o'neill@hotmail.com,NULL
Elvera Peck,elvera.peck@yahoo.com,NULL
Cindi Larson,cindi.larson@msn.com,NULL
Felice Guzman,felice.guzman@hotmail.com,NULL
Le Deleon,le.deleon@msn.com,NULL
Manie Sanchez,manie.sanchez@hotmail.com,NULL
Rutha Howell,rutha.howell@gmail.com,NULL
Natosha Rowland,natosha.rowland@aol.com,NULL
Jessika Bray,jessika.bray@yahoo.com,NULL
Delila Hamilton,delila.hamilton@yahoo.com,NULL
Dionne Norris,dionne.norris@yahoo.com,NULL
Muriel Juarez,muriel.juarez@gmail.com,NULL
Cecelia Gill,cecelia.gill@aol.com,NULL
Magda Eaton,magda.eaton@aol.com,NULL
Ivonne Yang,ivonne.yang@gmail.com,(915) 181-1950
Kasie Rodriquez,kasie.rodriquez@aol.com,NULL
Eleni Gordon,eleni.gordon@hotmail.com,NULL
Maurice Norton,maurice.norton@hotmail.com,NULL
Cristobal Hutchinson,cristobal.hutchinson@gmail.com,NULL
Flossie Holder,flossie.holder@msn.com,NULL
Erma Salinas,erma.salinas@gmail.com,NULL
Earl Stanley,earl.stanley@gmail.com,NULL
Maribel William,maribel.william@aol.com,NULL
Johnathan Velazquez,johnathan.velazquez@hotmail.com,NULL
Rodrick Shelton,rodrick.shelton@hotmail.com,NULL
Ferne Kline,ferne.kline@hotmail.com,NULL
Rubin Decker,rubin.decker@gmail.com,(716) 950-9835
Dortha Jarvis,dortha.jarvis@yahoo.com,(442) 919-8256
Mariela Huffman,mariela.huffman@gmail.com,NULL
Mellisa Farley,mellisa.farley@yahoo.com,NULL
Myung Hooper,myung.hooper@gmail.com,NULL
Angelina Lloyd,angelina.lloyd@yahoo.com,NULL
Trinity Riddle,trinity.riddle@aol.com,NULL
Barton Crosby,barton.crosby@msn.com,NULL
Claudio Wise,claudio.wise@hotmail.com,NULL
Katheleen Marks,katheleen.marks@yahoo.com,NULL
Deja Chaney,deja.chaney@hotmail.com,NULL
Queenie Vance,queenie.vance@gmail.com,NULL
Josh Shaw,josh.shaw@gmail.com,NULL
Pinkie Kirkland,pinkie.kirkland@yahoo.com,NULL
Lavette Wright,lavette.wright@msn.com,NULL
Mark Garrett,mark.garrett@msn.com,NULL
Myesha Burgess,myesha.burgess@gmail.com,NULL
Justina Long,justina.long@aol.com,NULL
Brenda Tate,brenda.tate@msn.com,NULL
Rayna Perry,rayna.perry@hotmail.com,NULL
Randolph Chase,randolph.chase@yahoo.com,NULL
Jaimee Day,jaimee.day@aol.com,NULL
Susann Bass,susann.bass@msn.com,NULL
Leola Gould,leola.gould@gmail.com,NULL
Virgil Frost,virgil.frost@gmail.com,NULL
Mireille Puckett,mireille.puckett@hotmail.com,(805) 961-9909
Keturah Massey,keturah.massey@msn.com,NULL
Charmain Webster,charmain.webster@hotmail.com,NULL
Barry Buckner,barry.buckner@gmail.com,NULL
Boyce Burks,boyce.burks@gmail.com,NULL
Monty Frost,monty.frost@aol.com,(516) 460-5396
Tiny French,tiny.french@hotmail.com,NULL
Clementina Sargent,clementina.sargent@hotmail.com,NULL
Danny Kim,danny.kim@msn.com,NULL
Sophia Mcmillan,sophia.mcmillan@msn.com,NULL
Christia Carson,christia.carson@gmail.com,NULL
Jennie Middleton,jennie.middleton@gmail.com,NULL
Jame Riggs,jame.riggs@hotmail.com,NULL
Rayford Simon,rayford.simon@msn.com,NULL
Annett Garrett,annett.garrett@yahoo.com,NULL
Hayden Cross,hayden.cross@gmail.com,NULL
Rolanda Larsen,rolanda.larsen@yahoo.com,NULL
Jayme Zamora,jayme.zamora@gmail.com,NULL
Hope Cotton,hope.cotton@aol.com,NULL
Vikki Erickson,vikki.erickson@yahoo.com,NULL
Fransisca Nicholson,fransisca.nicholson@aol.com,NULL
Mazie Fernandez,mazie.fernandez@hotmail.com,NULL
Anderson Martin,anderson.martin@hotmail.com,NULL
Gilberto Parsons,gilberto.parsons@gmail.com,NULL
Charise Burt,charise.burt@aol.com,(559) 888-2229
Cameron Carroll,cameron.carroll@yahoo.com,NULL
Melani Jarvis,melani.jarvis@hotmail.com,NULL
Javier Nichols,javier.nichols@msn.com,NULL
Justina Jenkins,justina.jenkins@yahoo.com,NULL
Hortencia Graham,hortencia.graham@aol.com,NULL
Christia Wilkins,christia.wilkins@msn.com,NULL
Eliz Whitney,eliz.whitney@msn.com,NULL
Justin Newton,justin.newton@hotmail.com,NULL
Aron Wiggins,aron.wiggins@aol.com,(442) 497-3353
Chere Hardin,chere.hardin@yahoo.com,NULL
Merideth Preston,merideth.preston@yahoo.com,NULL
Jeniffer Slater,jeniffer.slater@aol.com,NULL
Laureen Paul,laureen.paul@yahoo.com,NULL
Berna Moore,berna.moore@hotmail.com,NULL
Shiela Calderon,shiela.calderon@msn.com,NULL
Sharie Alvarez,sharie.alvarez@msn.com,(212) 211-7621
Bettie Glover,bettie.glover@gmail.com,NULL
Marilyn Frank,marilyn.frank@aol.com,NULL
Sheba Knapp,sheba.knapp@aol.com,NULL
Aleta Mack,aleta.mack@yahoo.com,NULL
Reena Higgins,reena.higgins@gmail.com,NULL
Ami Mcmahon,ami.mcmahon@aol.com,NULL
Somer Jordan,somer.jordan@msn.com,NULL
Scarlet Reed,scarlet.reed@hotmail.com,NULL
Trisha Johnson,trisha.johnson@msn.com,(717) 126-8787
Majorie Wyatt,majorie.wyatt@yahoo.com,NULL
Abbey Pugh,abbey.pugh@gmail.com,NULL
Tamela Harrell,tamela.harrell@aol.com,NULL
Yanira Bradshaw,yanira.bradshaw@gmail.com,NULL
Delana Scott,delana.scott@yahoo.com,NULL
Cassondra Pruitt,cassondra.pruitt@aol.com,NULL
Jesica Fields,jesica.fields@yahoo.com,NULL
Herta Rollins,herta.rollins@msn.com,NULL
Mi Gray,mi.gray@aol.com,(229) 813-2130
Jacalyn Barnett,jacalyn.barnett@gmail.com,NULL
Kanesha Hudson,kanesha.hudson@gmail.com,(510) 788-7298
Darren Witt,darren.witt@aol.com,NULL
Mable Pratt,mable.pratt@gmail.com,NULL
Christoper Mccall,christoper.mccall@msn.com,NULL
Margorie Wynn,margorie.wynn@gmail.com,NULL
Josef Greer,josef.greer@gmail.com,NULL
Tisa Whitney,tisa.whitney@yahoo.com,NULL
Tonda Armstrong,tonda.armstrong@aol.com,NULL
Arvilla Weiss,arvilla.weiss@msn.com,NULL
Vashti Rosario,vashti.rosario@yahoo.com,NULL
Sheri Cole,sheri.cole@aol.com,(408) 658-2285
Kandace Giles,kandace.giles@msn.com,NULL
Angie Powers,angie.powers@aol.com,NULL
Van Peters,van.peters@yahoo.com,(281) 658-7772
Virgina Berg,virgina.berg@yahoo.com,NULL
Olevia Noel,olevia.noel@yahoo.com,NULL
Kaci Gallegos,kaci.gallegos@gmail.com,NULL
Bev Chang,bev.chang@yahoo.com,NULL
Rodger Rojas,rodger.rojas@yahoo.com,NULL
Lavonne Anderson,lavonne.anderson@aol.com,NULL
Blanca Hooper,blanca.hooper@msn.com,NULL
Alysha Powers,alysha.powers@msn.com,NULL
Mary Singleton,mary.singleton@hotmail.com,NULL
Jina Cooper,jina.cooper@aol.com,NULL
Loni Duncan,loni.duncan@gmail.com,NULL
Collene Roman,collene.roman@aol.com,NULL
Mariette Trevino,mariette.trevino@aol.com,NULL
Candelaria Coffey,candelaria.coffey@aol.com,NULL
Yan Trevino,yan.trevino@gmail.com,NULL
Elanor Patrick,elanor.patrick@aol.com,NULL
Klara Mosley,klara.mosley@gmail.com,NULL
Rosalba O'neal,rosalba.o'neal@yahoo.com,NULL
Mina Carrillo,mina.carrillo@aol.com,NULL
Alesia Horne,alesia.horne@aol.com,NULL
Kristen Alvarez,kristen.alvarez@aol.com,NULL
Collin Webster,collin.webster@aol.com,NULL
Ashlee Pena,ashlee.pena@aol.com,NULL
Aimee Merritt,aimee.merritt@yahoo.com,NULL
Rochelle Ward,rochelle.ward@yahoo.com,NULL
Nelle Beck,nelle.beck@aol.com,NULL
Kaila Walters,kaila.walters@msn.com,NULL
Aleta Stone,aleta.stone@aol.com,NULL
Leif Short,leif.short@gmail.com,NULL
Lorrie Pollard,lorrie.pollard@yahoo.com,NULL
Vernita Ball,vernita.ball@gmail.com,NULL
Cyndi Bush,cyndi.bush@gmail.com,NULL
Gertrude Terry,gertrude.terry@hotmail.com,NULL
Virgen Clemons,virgen.clemons@gmail.com,NULL
Fairy Robinson,fairy.robinson@msn.com,NULL
Laverna Hernandez,laverna.hernandez@hotmail.com,NULL
Jeannie Wilcox,jeannie.wilcox@yahoo.com,NULL
Suellen Mercado,suellen.mercado@yahoo.com,NULL
Bart Hess,bart.hess@aol.com,NULL
Alfredo Dodson,alfredo.dodson@hotmail.com,NULL
Shaunda Barnett,shaunda.barnett@gmail.com,NULL
Kerrie Morton,kerrie.morton@hotmail.com,NULL
Elouise Fry,elouise.fry@aol.com,NULL
Augustus Steele,augustus.steele@aol.com,NULL
Greta Page,greta.page@hotmail.com,NULL
Kerrie O'neill,kerrie.o'neill@gmail.com,NULL
Dannette Guerrero,dannette.guerrero@gmail.com,NULL
Edra Fitzgerald,edra.fitzgerald@msn.com,NULL
Jerome Bolton,jerome.bolton@msn.com,NULL
Conception Slater,conception.slater@gmail.com,NULL
Octavia Case,octavia.case@aol.com,(212) 171-1335
Dexter Roberts,dexter.roberts@gmail.com,NULL
Ginette Edwards,ginette.edwards@hotmail.com,NULL
Romaine Haley,romaine.haley@aol.com,NULL
Gwendolyn Miller,gwendolyn.miller@msn.com,NULL
Luke Fuller,luke.fuller@hotmail.com,(516) 363-2253
Zoraida Patton,zoraida.patton@aol.com,NULL
Georgeanna Webster,georgeanna.webster@msn.com,(805) 885-8830
Krystin Marshall,krystin.marshall@hotmail.com,NULL
Vince Schneider,vince.schneider@hotmail.com,NULL
Iola Rasmussen,iola.rasmussen@yahoo.com,NULL
Valery Saunders,valery.saunders@msn.com,NULL
Johna Powers,johna.powers@hotmail.com,NULL
Charleen Hurst,charleen.hurst@yahoo.com,NULL
Augustina Joyner,augustina.joyner@aol.com,NULL
Daisy Ward,daisy.ward@msn.com,NULL
Latonya Dixon,latonya.dixon@hotmail.com,NULL
Hipolito Padilla,hipolito.padilla@hotmail.com,NULL
Emmett Casey,emmett.casey@yahoo.com,NULL
Kandi Mcneil,kandi.mcneil@msn.com,NULL
Luciano Marsh,luciano.marsh@aol.com,NULL
Julius Holt,julius.holt@aol.com,NULL
Holly Nieves,holly.nieves@aol.com,NULL
Douglass Little,douglass.little@hotmail.com,NULL
Izola Hobbs,izola.hobbs@gmail.com,NULL
Honey Camacho,honey.camacho@gmail.com,NULL
Laureen Barry,laureen.barry@yahoo.com,NULL
Katharine Herrera,katharine.herrera@hotmail.com,NULL
Sunshine Rosario,sunshine.rosario@aol.com,NULL
Yevette Todd,yevette.todd@aol.com,NULL
Dorthea Walker,dorthea.walker@aol.com,NULL
Alane Munoz,alane.munoz@gmail.com,(914) 706-7576
Ayana Keith,ayana.keith@hotmail.com,(805) 230-2101
Caridad Compton,caridad.compton@aol.com,NULL
Earline Ballard,earline.ballard@hotmail.com,NULL
Nathanael Bradley,nathanael.bradley@aol.com,NULL
Chasidy Tran,chasidy.tran@msn.com,NULL
Janella Bright,janella.bright@aol.com,(507) 616-2958
Josie Schultz,josie.schultz@hotmail.com,NULL
Ellsworth Michael,ellsworth.michael@yahoo.com,NULL
Jennette Wooten,jennette.wooten@msn.com,NULL
Cassandra Nichols,cassandra.nichols@yahoo.com,NULL
Courtney Wyatt,courtney.wyatt@gmail.com,NULL
Terese Palmer,terese.palmer@hotmail.com,NULL
Sherita Cherry,sherita.cherry@gmail.com,NULL
Serina Hensley,serina.hensley@yahoo.com,NULL
Jeni Farley,jeni.farley@aol.com,NULL
Everett Vega,everett.vega@yahoo.com,NULL
Latosha Dalton,latosha.dalton@yahoo.com,(661) 529-4501
Romelia Myers,romelia.myers@msn.com,NULL
Effie Jenkins,effie.jenkins@msn.com,(631) 477-1277
Efren Oliver,efren.oliver@gmail.com,NULL
Jerlene Rios,jerlene.rios@yahoo.com,NULL
Bess Mcbride,bess.mcbride@yahoo.com,NULL
Birdie Kramer,birdie.kramer@hotmail.com,(248) 725-2174
Collen Hayes,collen.hayes@yahoo.com,NULL
Clare Neal,clare.neal@msn.com,NULL
Jeanett Herman,jeanett.herman@hotmail.com,NULL
Micki Rutledge,micki.rutledge@aol.com,NULL
Loise Walker,loise.walker@aol.com,NULL
Burma Summers,burma.summers@yahoo.com,NULL
Myron Ruiz,myron.ruiz@gmail.com,NULL
Lashawna Richardson,lashawna.richardson@hotmail.com,NULL
Lavern Orr,lavern.orr@hotmail.com,NULL
Alec Peck,alec.peck@hotmail.com,NULL
Christopher Richardson,christopher.richardson@gmail.com,NULL
Arminda Weber,arminda.weber@yahoo.com,NULL
Emmett Hahn,emmett.hahn@hotmail.com,NULL
Gertha Mejia,gertha.mejia@yahoo.com,NULL
Garland Weaver,garland.weaver@gmail.com,NULL
Jayson Rutledge,jayson.rutledge@yahoo.com,NULL
Narcisa Knapp,narcisa.knapp@aol.com,NULL
Gayla Sims,gayla.sims@gmail.com,NULL
Chelsey Boyd,chelsey.boyd@yahoo.com,NULL
Catherine Miles,catherine.miles@msn.com,NULL
Valeri Marshall,valeri.marshall@hotmail.com,NULL
Grace Madden,grace.madden@gmail.com,NULL
Joaquin Hawkins,joaquin.hawkins@aol.com,(657) 557-1746
Kirstie Vazquez,kirstie.vazquez@gmail.com,NULL
Yu Mcdonald,yu.mcdonald@aol.com,NULL
Celestine Jacobs,celestine.jacobs@gmail.com,NULL
Justa Thompson,justa.thompson@aol.com,NULL
Lise Alvarado,lise.alvarado@gmail.com,NULL
Pearl Fox,pearl.fox@yahoo.com,NULL
Travis Goodman,travis.goodman@yahoo.com,NULL
Shu Mays,shu.mays@gmail.com,NULL
Ezra Fowler,ezra.fowler@hotmail.com,NULL
Edda Young,edda.young@gmail.com,NULL
Lidia Ashley,lidia.ashley@hotmail.com,NULL
Moira Lester,moira.lester@msn.com,NULL
Tony Hicks,tony.hicks@gmail.com,(657) 260-6783
Malinda Baxter,malinda.baxter@yahoo.com,NULL
Marlo Jefferson,marlo.jefferson@gmail.com,NULL
Tiana Henderson,tiana.henderson@aol.com,NULL
Wilda Petersen,wilda.petersen@aol.com,NULL
Irving Pitts,irving.pitts@msn.com,NULL
Sheree Pena,sheree.pena@yahoo.com,NULL
Vance Taylor,vance.taylor@msn.com,(717) 218-5607
Terra Pickett,terra.pickett@aol.com,NULL
Faustino Delacruz,faustino.delacruz@msn.com,NULL
Julienne Moody,julienne.moody@hotmail.com,(682) 841-4643
Hee Greer,hee.greer@hotmail.com,NULL
Whitney Cash,whitney.cash@gmail.com,NULL
Clarita Curry,clarita.curry@hotmail.com,NULL
Reita Dickson,reita.dickson@hotmail.com,NULL
Rosa Kinney,rosa.kinney@yahoo.com,NULL
Buford Gilbert,buford.gilbert@yahoo.com,NULL
Homer Powers,homer.powers@msn.com,NULL
Rudolf Gilliam,rudolf.gilliam@aol.com,NULL
Andreas Herman,andreas.herman@msn.com,NULL
Max Charles,max.charles@gmail.com,NULL
Tammera Fischer,tammera.fischer@hotmail.com,(510) 534-8845
Joshua Robertson,joshua.robertson@gmail.com,NULL
Larraine Horn,larraine.horn@msn.com,NULL
Andreas Mayer,andreas.mayer@hotmail.com,NULL
Lazaro Moran,lazaro.moran@gmail.com,NULL
Afton Juarez,afton.juarez@gmail.com,NULL
Angele Schroeder,angele.schroeder@yahoo.com,(845) 804-6312
Ellena Clements,ellena.clements@aol.com,NULL
Selene Austin,selene.austin@msn.com,NULL
Kimberely Bowen,kimberely.bowen@hotmail.com,(248) 199-2582
Mia Delgado,mia.delgado@yahoo.com,NULL
Garret Clay,garret.clay@yahoo.com,(361) 687-9477
Alejandro Haney,alejandro.haney@msn.com,NULL
Inge Olsen,inge.olsen@msn.com,(562) 719-5041
Christiane Bradford,christiane.bradford@gmail.com,NULL
Carter Bentley,carter.bentley@yahoo.com,NULL
Sherie Ayala,sherie.ayala@msn.com,NULL
Jamika Acevedo,jamika.acevedo@yahoo.com,NULL
Shery Randolph,shery.randolph@hotmail.com,NULL
Lanita Burton,lanita.burton@msn.com,NULL
Timothy Byers,timothy.byers@msn.com,NULL
Jasmin Young,jasmin.young@gmail.com,NULL
Catarina Mendez,catarina.mendez@hotmail.com,NULL
Tajuana Rollins,tajuana.rollins@msn.com,NULL
Thad Castro,thad.castro@msn.com,(631) 943-1407
Tena Huber,tena.huber@gmail.com,NULL
Dori Alvarez,dori.alvarez@msn.com,NULL
Elmo Arnold,elmo.arnold@aol.com,(562) 841-9339
Felicidad Golden,felicidad.golden@yahoo.com,NULL
Jenine Crane,jenine.crane@msn.com,(682) 183-6555
Lea Key,lea.key@yahoo.com,NULL
Rory Cooper,rory.cooper@gmail.com,NULL
Hilde Nieves,hilde.nieves@gmail.com,NULL
Marry Benjamin,marry.benjamin@yahoo.com,NULL
Vernell Goff,vernell.goff@msn.com,NULL
Erlene Cook,erlene.cook@gmail.com,NULL
Carroll Kelly,carroll.kelly@yahoo.com,NULL
Basilia Thornton,basilia.thornton@hotmail.com,(631) 592-9548
Tricia Daniels,tricia.daniels@gmail.com,NULL
Kandace Hughes,kandace.hughes@hotmail.com,NULL
Alejandro Norman,alejandro.norman@yahoo.com,NULL
Rodney Odom,rodney.odom@yahoo.com,NULL
Bettie Pierce,bettie.pierce@gmail.com,NULL
Dagny Owen,dagny.owen@hotmail.com,NULL
Cinthia Poole,cinthia.poole@aol.com,NULL
Sheila Travis,sheila.travis@yahoo.com,NULL
Arcelia Vinson,arcelia.vinson@gmail.com,NULL
Lucas Estes,lucas.estes@yahoo.com,NULL
Marissa Summers,marissa.summers@msn.com,NULL
Kaley Blanchard,kaley.blanchard@msn.com,NULL
Wm Pope,wm.pope@msn.com,NULL
Rubye Mccall,rubye.mccall@hotmail.com,(248) 764-3359
Adriene Rivera,adriene.rivera@hotmail.com,NULL
Laurence Christian,laurence.christian@gmail.com,NULL
Shirely Stanley,shirely.stanley@gmail.com,(915) 437-6113
Danille Mcfarland,danille.mcfarland@msn.com,NULL
Salena Day,salena.day@msn.com,NULL
Matilda Larson,matilda.larson@hotmail.com,NULL
Mellisa Kim,mellisa.kim@aol.com,(424) 151-6481
Vonda Berger,vonda.berger@yahoo.com,NULL
Soledad Moses,soledad.moses@yahoo.com,NULL
Lashandra Turner,lashandra.turner@hotmail.com,(562) 327-9469
Lynne Anderson,lynne.anderson@msn.com,(915) 789-6666
Chasidy Webster,chasidy.webster@msn.com,NULL
Ulysses Gaines,ulysses.gaines@aol.com,NULL
Euna Lopez,euna.lopez@gmail.com,NULL
Cherelle Key,cherelle.key@msn.com,NULL
Jeffry Church,jeffry.church@msn.com,NULL
Cyndi Dyer,cyndi.dyer@msn.com,NULL
Danilo Holmes,danilo.holmes@gmail.com,NULL
Joni Lee,joni.lee@gmail.com,NULL
Antony Atkinson,antony.atkinson@msn.com,NULL
Deanne Parsons,deanne.parsons@aol.com,NULL
Frederica Rojas,frederica.rojas@yahoo.com,NULL
Emelda Dickerson,emelda.dickerson@aol.com,NULL
Rudolf Moran,rudolf.moran@gmail.com,NULL
Benito Hendrix,benito.hendrix@gmail.com,NULL
Jonell Rivas,jonell.rivas@msn.com,NULL
Joi Reeves,joi.reeves@msn.com,(619) 952-9613
Leland Mcdowell,leland.mcdowell@gmail.com,NULL
Delaine Estes,delaine.estes@yahoo.com,NULL
Genevieve Juarez,genevieve.juarez@gmail.com,NULL
Kylee Dickson,kylee.dickson@gmail.com,NULL
Renita Henry,renita.henry@msn.com,NULL
Sarah Kirkland,sarah.kirkland@aol.com,NULL
Paul Lester,paul.lester@gmail.com,NULL
Taisha Vang,taisha.vang@yahoo.com,NULL
Eliana Reese,eliana.reese@hotmail.com,NULL
Leonore Dorsey,leonore.dorsey@yahoo.com,NULL
Ashleigh Frank,ashleigh.frank@gmail.com,NULL
Gabriel Wagner,gabriel.wagner@msn.com,NULL
Margene Eaton,margene.eaton@yahoo.com,NULL
Toshia Cardenas,toshia.cardenas@gmail.com,NULL
Jamika Blanchard,jamika.blanchard@gmail.com,NULL
Shery Acosta,shery.acosta@yahoo.com,NULL
Jenna Saunders,jenna.saunders@aol.com,NULL
Skye Pope,skye.pope@yahoo.com,NULL
Ana Palmer,ana.palmer@yahoo.com,(657) 323-8684
Eric Hardin,eric.hardin@gmail.com,NULL
Basil Ballard,basil.ballard@yahoo.com,NULL
Gabriel Pitts,gabriel.pitts@gmail.com,NULL
Cayla Johnson,cayla.johnson@msn.com,NULL
Sharika Colon,sharika.colon@gmail.com,(562) 452-6136
Donnetta Henson,donnetta.henson@hotmail.com,NULL
Leigh Burke,leigh.burke@hotmail.com,NULL
Deloris Larson,deloris.larson@aol.com,NULL
Ehtel Cobb,ehtel.cobb@hotmail.com,NULL
Evelina Byrd,evelina.byrd@msn.com,(716) 601-7704
Zulema Browning,zulema.browning@gmail.com,NULL
Tressa Weiss,tressa.weiss@msn.com,NULL
Yvette Rogers,yvette.rogers@aol.com,NULL
Kiara Deleon,kiara.deleon@gmail.com,(657) 378-8011
Taylor Cole,taylor.cole@gmail.com,NULL
Myrtie James,myrtie.james@yahoo.com,NULL
Ashton Lott,ashton.lott@hotmail.com,NULL
Kara Higgins,kara.higgins@aol.com,NULL
Tomeka Higgins,tomeka.higgins@msn.com,NULL
Ronald Parsons,ronald.parsons@msn.com,NULL
Allison Nolan,allison.nolan@gmail.com,(845) 276-5729
Derrick Marks,derrick.marks@yahoo.com,NULL
Yang Roth,yang.roth@aol.com,NULL
Melba Wilkinson,melba.wilkinson@gmail.com,NULL
Valentin Mclaughlin,valentin.mclaughlin@hotmail.com,NULL
Lewis Garner,lewis.garner@gmail.com,(631) 871-2512
Ann Heath,ann.heath@msn.com,NULL
Janelle Maldonado,janelle.maldonado@gmail.com,NULL
Catrice Hicks,catrice.hicks@yahoo.com,NULL
Eli Contreras,eli.contreras@hotmail.com,NULL
Rita Bailey,rita.bailey@hotmail.com,NULL
Laure Pena,laure.pena@yahoo.com,NULL
Tilda Melton,tilda.melton@msn.com,(248) 767-4165
Florencio Davenport,florencio.davenport@yahoo.com,NULL
Eun Harris,eun.harris@gmail.com,(619) 378-2432
Marylyn Browning,marylyn.browning@msn.com,NULL
Romana Barnes,romana.barnes@yahoo.com,NULL
Sam Lester,sam.lester@gmail.com,NULL
Nicki Larson,nicki.larson@yahoo.com,NULL
Antonetta Rocha,antonetta.rocha@yahoo.com,NULL
Shara Pope,shara.pope@msn.com,NULL
Trena Hudson,trena.hudson@hotmail.com,NULL
Loraine Sykes,loraine.sykes@yahoo.com,NULL
Alissa Hood,alissa.hood@gmail.com,NULL
Augustus Schmidt,augustus.schmidt@msn.com,NULL
Stacie Sims,stacie.sims@hotmail.com,(510) 194-5117
Brittni Green,brittni.green@msn.com,NULL
Etsuko Garrison,etsuko.garrison@yahoo.com,NULL
Calandra Stanton,calandra.stanton@aol.com,NULL
Willis Randolph,willis.randolph@yahoo.com,NULL
Shawnda Glover,shawnda.glover@gmail.com,NULL
Jennette Baker,jennette.baker@gmail.com,NULL
Elma Molina,elma.molina@msn.com,NULL
Adam Henderson,adam.henderson@hotmail.com,NULL
Ira Moore,ira.moore@gmail.com,NULL
Kermit Bowman,kermit.bowman@gmail.com,(915) 996-5952
Gayle Wilkinson,gayle.wilkinson@yahoo.com,NULL
Launa Hull,launa.hull@yahoo.com,NULL
Myron Johns,myron.johns@msn.com,NULL
Tuan Wolfe,tuan.wolfe@aol.com,NULL
Mathilda Pennington,mathilda.pennington@gmail.com,(845) 407-9524
Reatha Perez,reatha.perez@aol.com,NULL
Arnita Thomas,arnita.thomas@gmail.com,NULL
Amparo Burks,amparo.burks@aol.com,NULL
Jenny Bell,jenny.bell@hotmail.com,NULL
Laverne Craft,laverne.craft@aol.com,NULL
Darcel Harmon,darcel.harmon@msn.com,NULL
Cecilia Camacho,cecilia.camacho@yahoo.com,NULL
Pearlie Cochran,pearlie.cochran@msn.com,NULL
Deirdre Ryan,deirdre.ryan@yahoo.com,NULL
Yevette Elliott,yevette.elliott@aol.com,NULL
Ladawn Downs,ladawn.downs@yahoo.com,(281) 165-2090
Dorothea Chang,dorothea.chang@gmail.com,NULL
Merlin Foreman,merlin.foreman@msn.com,(516) 150-1321
Lanie Dunn,lanie.dunn@gmail.com,NULL
Christoper Gould,christoper.gould@aol.com,NULL
Norine Huffman,norine.huffman@aol.com,NULL
Alane Mccarty,alane.mccarty@hotmail.com,(619) 377-8586
Charleen Joyner,charleen.joyner@aol.com,NULL
Zella Fernandez,zella.fernandez@yahoo.com,NULL
Collene Knox,collene.knox@msn.com,(361) 760-1523
Alysia Nicholson,alysia.nicholson@hotmail.com,(805) 493-7311
Sharie Whitaker,sharie.whitaker@hotmail.com,NULL
Diana Cobb,diana.cobb@hotmail.com,NULL
Morton Barron,morton.barron@msn.com,(661) 386-4884
Camille Harvey,camille.harvey@hotmail.com,NULL
Lolita O'neill,lolita.o'neill@aol.com,NULL
Terese Briggs,terese.briggs@msn.com,NULL
Majorie Glover,majorie.glover@msn.com,NULL
Vinnie Chan,vinnie.chan@aol.com,NULL
Ezra Silva,ezra.silva@msn.com,NULL
Jovita Bishop,jovita.bishop@aol.com,NULL
Kecia Olsen,kecia.olsen@msn.com,NULL
Ilona Spears,ilona.spears@gmail.com,NULL
Senaida Thompson,senaida.thompson@msn.com,NULL
Larae Carney,larae.carney@msn.com,NULL
Sebrina Hart,sebrina.hart@yahoo.com,NULL
Kristofer Craig,kristofer.craig@yahoo.com,NULL
Luciana Mcgee,luciana.mcgee@msn.com,NULL
Nicki Fry,nicki.fry@hotmail.com,NULL
Devin Shaffer,devin.shaffer@gmail.com,(507) 557-2191
Erlinda Osborne,erlinda.osborne@yahoo.com,NULL
Camila Carroll,camila.carroll@yahoo.com,(210) 436-8676
Vicki Wiggins,vicki.wiggins@hotmail.com,NULL
Lois Steele,lois.steele@yahoo.com,NULL
Carola Mcpherson,carola.mcpherson@hotmail.com,NULL
Rochell Cantrell,rochell.cantrell@yahoo.com,NULL
Kasha Sullivan,kasha.sullivan@hotmail.com,NULL
Viva Dawson,viva.dawson@yahoo.com,NULL
Hue Dalton,hue.dalton@hotmail.com,NULL
Andria Rivers,andria.rivers@aol.com,NULL
Hilary Savage,hilary.savage@yahoo.com,(805) 753-6881
Lavona Austin,lavona.austin@yahoo.com,NULL
Doreatha Ford,doreatha.ford@yahoo.com,NULL
Alina Mcleod,alina.mcleod@msn.com,NULL
Aide Franco,aide.franco@msn.com,NULL
Genny Hensley,genny.hensley@yahoo.com,NULL
Melita Dominguez,melita.dominguez@msn.com,NULL
Fannie Jenkins,fannie.jenkins@msn.com,(805) 774-5696
Bobbi Banks,bobbi.banks@yahoo.com,NULL
Gwenn Melton,gwenn.melton@yahoo.com,NULL
Laci Castro,laci.castro@hotmail.com,NULL
Evelina Manning,evelina.manning@aol.com,NULL
Tania Swanson,tania.swanson@yahoo.com,NULL
Laurel Schultz,laurel.schultz@hotmail.com,NULL
Carolyne Conley,carolyne.conley@gmail.com,NULL
Eldridge Greer,eldridge.greer@aol.com,NULL
Margret Barnett,margret.barnett@gmail.com,NULL
Oliva Blackwell,oliva.blackwell@hotmail.com,NULL
Oralia Farley,oralia.farley@hotmail.com,NULL
Romaine Salazar,romaine.salazar@yahoo.com,NULL
Hermila Mckay,hermila.mckay@yahoo.com,NULL
Lloyd Miranda,lloyd.miranda@hotmail.com,NULL
Mandi Gibbs,mandi.gibbs@gmail.com,NULL
Hue May,hue.may@aol.com,NULL
Tomika Wilder,tomika.wilder@aol.com,NULL
Graig Roth,graig.roth@aol.com,NULL
Lamar Greer,lamar.greer@gmail.com,NULL
Raymonde Garcia,raymonde.garcia@aol.com,NULL
Cira Downs,cira.downs@gmail.com,(510) 788-4456
Marisa Chambers,marisa.chambers@msn.com,NULL
Rod Hatfield,rod.hatfield@hotmail.com,NULL
Quyen Houston,quyen.houston@gmail.com,NULL
Han Schneider,han.schneider@gmail.com,NULL
Terrell Mathis,terrell.mathis@aol.com,NULL
Spring Hayes,spring.hayes@hotmail.com,NULL
Lecia Hancock,lecia.hancock@hotmail.com,NULL
Twana Arnold,twana.arnold@msn.com,(657) 988-1904
Yvone Yates,yvone.yates@gmail.com,NULL
Agatha Melton,agatha.melton@yahoo.com,NULL
Lavonda Stephenson,lavonda.stephenson@gmail.com,NULL
Agnes Sims,agnes.sims@aol.com,(716) 780-9901
Latricia Lindsey,latricia.lindsey@hotmail.com,NULL
Yolando Wade,yolando.wade@hotmail.com,NULL
Nenita Mooney,nenita.mooney@hotmail.com,NULL
Kermit Hyde,kermit.hyde@hotmail.com,NULL
Angelique Merrill,angelique.merrill@gmail.com,NULL
Ilda Roberson,ilda.roberson@aol.com,NULL
Corrinne Garrison,corrinne.garrison@yahoo.com,NULL
Major Merrill,major.merrill@aol.com,NULL
Ouida Gregory,ouida.gregory@aol.com,NULL
Tajuana Riddle,tajuana.riddle@hotmail.com,NULL
Ricki Bullock,ricki.bullock@hotmail.com,NULL
Celestine Kent,celestine.kent@aol.com,(717) 890-4260
Debbra Jacobson,debbra.jacobson@yahoo.com,NULL
Kandis Mills,kandis.mills@hotmail.com,NULL
Wallace Lane,wallace.lane@aol.com,NULL
Malisa Mitchell,malisa.mitchell@msn.com,NULL
Lilliam Nolan,lilliam.nolan@msn.com,NULL
Tad Gardner,tad.gardner@hotmail.com,NULL
Petronila Gallegos,petronila.gallegos@gmail.com,NULL
Yun Nelson,yun.nelson@hotmail.com,NULL
Edgar Horn,edgar.horn@aol.com,NULL
Chantay Maynard,chantay.maynard@gmail.com,NULL
Donette Mccarthy,donette.mccarthy@yahoo.com,NULL
Mariam Miranda,mariam.miranda@aol.com,NULL
Rosalie Coffey,rosalie.coffey@gmail.com,NULL
Cathey Lamb,cathey.lamb@msn.com,NULL
Alyse Jacobson,alyse.jacobson@yahoo.com,NULL
India Barron,india.barron@msn.com,NULL
Cris Dunn,cris.dunn@yahoo.com,NULL
Ophelia Rodgers,ophelia.rodgers@gmail.com,NULL
Barrett Sanders,barrett.sanders@aol.com,NULL
Bernardina Cooper,bernardina.cooper@msn.com,NULL
Douglas Richards,douglas.richards@hotmail.com,NULL
Phillis Fowler,phillis.fowler@aol.com,NULL
Reyes Merritt,reyes.merritt@yahoo.com,NULL
Nathalie Knowles,nathalie.knowles@aol.com,NULL
Vallie Dixon,vallie.dixon@yahoo.com,NULL
Elnora Simpson,elnora.simpson@yahoo.com,NULL
Ivelisse Nixon,ivelisse.nixon@aol.com,(281) 941-4933
Shanti Johnston,shanti.johnston@gmail.com,NULL
Martha Burgess,martha.burgess@msn.com,NULL
Neville Mcclain,neville.mcclain@yahoo.com,NULL
Ghislaine Compton,ghislaine.compton@aol.com,NULL
Leanna Manning,leanna.manning@yahoo.com,NULL
Marshall Johnson,marshall.johnson@yahoo.com,NULL
Zelda Pratt,zelda.pratt@gmail.com,(717) 428-4018
Joel Wynn,joel.wynn@aol.com,(619) 210-6032
Yahaira Robertson,yahaira.robertson@yahoo.com,NULL
Sandy Mills,sandy.mills@gmail.com,NULL
Cassidy Clark,cassidy.clark@hotmail.com,NULL
Kristy Watkins,kristy.watkins@gmail.com,NULL
Tina Bush,tina.bush@aol.com,NULL
Veronika Rollins,veronika.rollins@yahoo.com,NULL
Kristel Byrd,kristel.byrd@hotmail.com,NULL
Shay Stephenson,shay.stephenson@aol.com,NULL
George Pickett,george.pickett@msn.com,NULL
Renato Morton,renato.morton@msn.com,NULL
Marcy Rodriguez,marcy.rodriguez@gmail.com,NULL
Edmund Gaines,edmund.gaines@gmail.com,NULL
Lory Berg,lory.berg@aol.com,NULL
Pamala Fowler,pamala.fowler@gmail.com,NULL
Leone Emerson,leone.emerson@msn.com,NULL
Brain Skinner,brain.skinner@hotmail.com,NULL
Roseanne Maynard,roseanne.maynard@yahoo.com,NULL
Corinna Adams,corinna.adams@msn.com,NULL
Kellye Campbell,kellye.campbell@gmail.com,NULL
Erna Sloan,erna.sloan@aol.com,NULL
Carolann Russell,carolann.russell@hotmail.com,NULL
Gilbert Calhoun,gilbert.calhoun@msn.com,NULL
Manie Maxwell,manie.maxwell@gmail.com,NULL
Giselle Robles,giselle.robles@hotmail.com,NULL
Tessie Farmer,tessie.farmer@msn.com,NULL
Felica Munoz,felica.munoz@aol.com,NULL
Kathyrn Bush,kathyrn.bush@gmail.com,NULL
Sylvester Chan,sylvester.chan@hotmail.com,NULL
Lizette Ellison,lizette.ellison@hotmail.com,NULL
Ernestina Skinner,ernestina.skinner@hotmail.com,NULL
Phyllis Hill,phyllis.hill@yahoo.com,NULL
Stephanie Browning,stephanie.browning@yahoo.com,NULL
Arlena Buckner,arlena.buckner@hotmail.com,NULL
Lezlie Thompson,lezlie.thompson@yahoo.com,NULL
Brittney Rojas,brittney.rojas@aol.com,NULL
Phylis Adkins,phylis.adkins@msn.com,(212) 325-9145
Lean Stark,lean.stark@msn.com,NULL
Lara Guy,lara.guy@aol.com,NULL
Inga Koch,inga.koch@msn.com,NULL
Klara Kim,klara.kim@gmail.com,NULL
Julianne Shannon,julianne.shannon@hotmail.com,NULL
Loni Mullen,loni.mullen@msn.com,NULL
Olympia Figueroa,olympia.figueroa@hotmail.com,NULL
Mellie Puckett,mellie.puckett@yahoo.com,NULL
Shonta Preston,shonta.preston@msn.com,NULL
Lore Sykes,lore.sykes@aol.com,(716) 382-5169
Julia Joyner,julia.joyner@msn.com,NULL
Lynwood Jackson,lynwood.jackson@aol.com,NULL
Rosalva Hamilton,rosalva.hamilton@aol.com,NULL
Domingo Casey,domingo.casey@msn.com,(408) 761-9212
Rodrigo Durham,rodrigo.durham@aol.com,NULL
Dwain Carlson,dwain.carlson@gmail.com,NULL
Erlinda Humphrey,erlinda.humphrey@hotmail.com,NULL
Silas Tate,silas.tate@yahoo.com,(361) 219-2149
Patience Clayton,patience.clayton@hotmail.com,NULL
Mila Good,mila.good@yahoo.com,NULL
Tanesha Sawyer,tanesha.sawyer@aol.com,NULL
Onita Macdonald,onita.macdonald@yahoo.com,NULL
Janine Manning,janine.manning@gmail.com,NULL
Melodie Melton,melodie.melton@yahoo.com,NULL
Ethelyn Ray,ethelyn.ray@yahoo.com,NULL
Phebe Turner,phebe.turner@aol.com,NULL
Chloe Patel,chloe.patel@yahoo.com,NULL
Hilda Harvey,hilda.harvey@gmail.com,NULL
Gilberte Duke,gilberte.duke@gmail.com,(915) 903-7860
Willian Hardin,willian.hardin@msn.com,NULL
Janna Hayden,janna.hayden@msn.com,NULL
Letisha May,letisha.may@yahoo.com,NULL
Graig Cannon,graig.cannon@gmail.com,NULL
Coleen Navarro,coleen.navarro@aol.com,NULL
Lucilla Williams,lucilla.williams@hotmail.com,NULL
Rosanne George,rosanne.george@yahoo.com,NULL
Ashlie Parrish,ashlie.parrish@hotmail.com,NULL
Alissa Craft,alissa.craft@hotmail.com,NULL
Letty Cobb,letty.cobb@msn.com,NULL
Nathaniel Richard,nathaniel.richard@gmail.com,NULL
Elaina Key,elaina.key@msn.com,NULL
Stefani Gamble,stefani.gamble@aol.com,(845) 724-2996
Bettyann Acosta,bettyann.acosta@gmail.com,(717) 746-6658
Crysta Velez,crysta.velez@yahoo.com,(281) 529-3469
Carisa Carpenter,carisa.carpenter@hotmail.com,NULL
Jule Davenport,jule.davenport@aol.com,NULL
Lonna Franks,lonna.franks@yahoo.com,NULL
Elease Dejesus,elease.dejesus@gmail.com,NULL
Maira Long,maira.long@msn.com,NULL
Jana Thomas,jana.thomas@yahoo.com,(408) 624-8137
Hae Ramirez,hae.ramirez@hotmail.com,NULL
Erik Leblanc,erik.leblanc@aol.com,NULL
Daina Sampson,daina.sampson@msn.com,NULL
Delmar Wise,delmar.wise@yahoo.com,NULL
Alita Salinas,alita.salinas@hotmail.com,NULL
Elenore William,elenore.william@msn.com,NULL
Nikita Roy,nikita.roy@aol.com,NULL
Inocencia Key,inocencia.key@hotmail.com,NULL
Liliana Kerr,liliana.kerr@yahoo.com,NULL
Hortencia O'neil,hortencia.o'neil@hotmail.com,NULL
Beryl Bennett,beryl.bennett@aol.com,(916) 422-6956
Alishia Elliott,alishia.elliott@aol.com,NULL
Vernia Madden,vernia.madden@aol.com,(248) 206-3697
Kristel Bullock,kristel.bullock@yahoo.com,NULL
Ruthanne Hoover,ruthanne.hoover@aol.com,NULL
James Robles,james.robles@aol.com,NULL
Evelin Vargas,evelin.vargas@msn.com,NULL
Elvia Cardenas,elvia.cardenas@hotmail.com,NULL
Randee Pitts,randee.pitts@msn.com,NULL
Lea Irwin,lea.irwin@gmail.com,NULL
Bryce Monroe,bryce.monroe@aol.com,NULL
Katina Mcintosh,katina.mcintosh@yahoo.com,(661) 464-1523
Guillermo Hart,guillermo.hart@hotmail.com,(212) 652-7198
Joann Barber,joann.barber@gmail.com,NULL
Thurman Ellis,thurman.ellis@gmail.com,NULL
Delana Wagner,delana.wagner@aol.com,NULL
Porter Bass,porter.bass@hotmail.com,NULL
Yvonne Bean,yvonne.bean@yahoo.com,NULL
Lurline Rivers,lurline.rivers@msn.com,NULL
Ocie Slater,ocie.slater@msn.com,NULL
Genevie Miles,genevie.miles@aol.com,NULL
Sherilyn Wilcox,sherilyn.wilcox@gmail.com,NULL
Aida Koch,aida.koch@gmail.com,NULL
Emory O'connor,emory.o'connor@gmail.com,(507) 606-2192
Maximina Hutchinson,maximina.hutchinson@hotmail.com,(361) 164-3098
Marina Hinton,marina.hinton@yahoo.com,NULL
Danyell Dickerson,danyell.dickerson@msn.com,NULL
Davis Long,davis.long@msn.com,(717) 653-1755
Lynn Mcmahon,lynn.mcmahon@msn.com,NULL
Tonja Henderson,tonja.henderson@aol.com,NULL
Krissy Ochoa,krissy.ochoa@msn.com,NULL
Angella Bridges,angella.bridges@yahoo.com,NULL
Angele Castro,angele.castro@yahoo.com,NULL
Siobhan Lang,siobhan.lang@gmail.com,NULL
Venessa Frost,venessa.frost@msn.com,NULL
Verna Solis,verna.solis@yahoo.com,(507) 115-1633
Steve Bender,steve.bender@gmail.com,NULL
Aileen Marquez,aileen.marquez@msn.com,NULL
Kattie Stevenson,kattie.stevenson@aol.com,NULL
Hassan Nash,hassan.nash@yahoo.com,NULL
Delfina Gilliam,delfina.gilliam@hotmail.com,NULL
Venus Hewitt,venus.hewitt@msn.com,NULL
Stephen Vega,stephen.vega@msn.com,(657) 288-3778
Ciera Koch,ciera.koch@gmail.com,NULL
Christel Barber,christel.barber@hotmail.com,(916) 679-3547
Arline Lawson,arline.lawson@gmail.com,(516) 792-3395
Iva Wilcox,iva.wilcox@aol.com,NULL
Maple Griffin,maple.griffin@gmail.com,NULL
Anisha Lang,anisha.lang@aol.com,NULL
Brent Calderon,brent.calderon@aol.com,(361) 981-8725
Margit Osborn,margit.osborn@yahoo.com,NULL
Novella Patel,novella.patel@gmail.com,NULL
Laurette Hebert,laurette.hebert@msn.com,NULL
Jonna Brown,jonna.brown@aol.com,NULL
Jennell Solis,jennell.solis@hotmail.com,(507) 421-7354
Ruth Horton,ruth.horton@gmail.com,NULL
Samual Warner,samual.warner@gmail.com,(631) 151-4988
Damian Mills,damian.mills@yahoo.com,(562) 924-3079
Margaretta Clayton,margaretta.clayton@yahoo.com,NULL
Marcell Barrett,marcell.barrett@gmail.com,NULL
Annis Sanchez,annis.sanchez@aol.com,(424) 352-6275
Ayanna Cherry,ayanna.cherry@yahoo.com,NULL
Barton Cox,barton.cox@yahoo.com,NULL
Diana Reyes,diana.reyes@msn.com,NULL
Ingeborg Ellison,ingeborg.ellison@yahoo.com,NULL
Carter Booth,carter.booth@msn.com,NULL
Christel Cardenas,christel.cardenas@aol.com,(562) 342-8083
Orval Hunter,orval.hunter@aol.com,NULL
Marguerite Berger,marguerite.berger@aol.com,NULL
Ivette Warren,ivette.warren@gmail.com,NULL
Milagros Weber,milagros.weber@hotmail.com,NULL
Marcel Lindsay,marcel.lindsay@hotmail.com,NULL
Louis Powell,louis.powell@aol.com,NULL
Vanda Holmes,vanda.holmes@aol.com,NULL
Loreen Byers,loreen.byers@yahoo.com,NULL
Casimira Chapman,casimira.chapman@yahoo.com,NULL
Brigida Larson,brigida.larson@hotmail.com,NULL
Chere Alston,chere.alston@gmail.com,NULL
Giovanna Jefferson,giovanna.jefferson@gmail.com,NULL
Demarcus Reese,demarcus.reese@gmail.com,NULL
Amina Salazar,amina.salazar@aol.com,NULL
Serafina Clemons,serafina.clemons@gmail.com,NULL
Trinidad Mcclain,trinidad.mcclain@msn.com,NULL
Heather Chaney,heather.chaney@yahoo.com,NULL
Latoya Johns,latoya.johns@hotmail.com,NULL
Shiloh Reeves,shiloh.reeves@msn.com,NULL
Lee Roman,lee.roman@gmail.com,(631) 913-6967
Cami Williamson,cami.williamson@hotmail.com,NULL
Sharell Ross,sharell.ross@msn.com,NULL
Jerald Blackwell,jerald.blackwell@hotmail.com,NULL
Ruthanne Franco,ruthanne.franco@yahoo.com,NULL
Marjory Leonard,marjory.leonard@msn.com,NULL
Jimmy Russell,jimmy.russell@hotmail.com,NULL
Berneice Pollard,berneice.pollard@hotmail.com,NULL
Deangelo Cooley,deangelo.cooley@aol.com,NULL
Katia Henry,katia.henry@msn.com,NULL
Sebrina Gross,sebrina.gross@yahoo.com,NULL
Josephine Dale,josephine.dale@aol.com,NULL
Alma Peck,alma.peck@aol.com,NULL
Ling Newman,ling.newman@msn.com,NULL
Nichelle Rosario,nichelle.rosario@hotmail.com,NULL
Shenna Benton,shenna.benton@msn.com,(212) 578-2912
Philip Bryan,philip.bryan@hotmail.com,(510) 533-4262
Carita Salinas,carita.salinas@yahoo.com,NULL
Janie Herrera,janie.herrera@gmail.com,NULL
Lorraine Marks,lorraine.marks@msn.com,NULL
Nicolas Carlson,nicolas.carlson@yahoo.com,NULL
Hye Mercer,hye.mercer@gmail.com,NULL
Adena Blake,adena.blake@hotmail.com,NULL
Coleman Boyd,coleman.boyd@yahoo.com,(915) 607-6336
Daphine Willis,daphine.willis@msn.com,NULL
Jenine Dawson,jenine.dawson@msn.com,NULL
Shanita Wiley,shanita.wiley@yahoo.com,NULL
Shanna Bonner,shanna.bonner@msn.com,NULL
Ping Quinn,ping.quinn@gmail.com,NULL
Saran Moses,saran.moses@yahoo.com,NULL
Tonja Bean,tonja.bean@aol.com,NULL
Vernon Knowles,vernon.knowles@yahoo.com,NULL
Jeannette Skinner,jeannette.skinner@yahoo.com,NULL
Rico Salas,rico.salas@msn.com,NULL
Tangela Hurley,tangela.hurley@msn.com,NULL
Randee Lester,randee.lester@gmail.com,NULL
Ashanti Hammond,ashanti.hammond@msn.com,NULL
Garry Juarez,garry.juarez@hotmail.com,NULL
Bee Baker,bee.baker@aol.com,NULL
Shantae Hammond,shantae.hammond@hotmail.com,NULL
Bettye Espinoza,bettye.espinoza@yahoo.com,NULL
Larissa Hays,larissa.hays@aol.com,NULL
Diane Jones,diane.jones@gmail.com,NULL
Zenia Bruce,zenia.bruce@aol.com,NULL
Pasquale Hogan,pasquale.hogan@aol.com,NULL
Dane Mcdaniel,dane.mcdaniel@hotmail.com,NULL
Jamaal Baker,jamaal.baker@hotmail.com,NULL
Ji Burt,ji.burt@hotmail.com,NULL
Marcelino Mcbride,marcelino.mcbride@hotmail.com,NULL
Rozella Fitzgerald,rozella.fitzgerald@yahoo.com,NULL
Tonisha Fowler,tonisha.fowler@msn.com,NULL
Zora Ford,zora.ford@gmail.com,(916) 192-3196
Parthenia Figueroa,parthenia.figueroa@msn.com,NULL
Arielle Levine,arielle.levine@yahoo.com,NULL
Hildegarde Christensen,hildegarde.christensen@hotmail.com,NULL
Rebbecca Espinoza,rebbecca.espinoza@hotmail.com,NULL
Conchita Boone,conchita.boone@gmail.com,NULL
Aisha Woods,aisha.woods@gmail.com,NULL
Season Harvey,season.harvey@yahoo.com,NULL
Tommie Cooley,tommie.cooley@yahoo.com,(717) 634-4113
Alanna Barry,alanna.barry@yahoo.com,NULL
Jerri Guthrie,jerri.guthrie@msn.com,NULL
Tammy Austin,tammy.austin@yahoo.com,NULL
Patsy Russo,patsy.russo@gmail.com,NULL
Desiree Branch,desiree.branch@msn.com,NULL
Raeann Duncan,raeann.duncan@aol.com,(657) 256-2008
Lillia Gillespie,lillia.gillespie@hotmail.com,NULL
Doris Kaufman,doris.kaufman@gmail.com,NULL
Rodolfo Buck,rodolfo.buck@gmail.com,NULL
Olimpia Mays,olimpia.mays@aol.com,NULL
Shemeka Lyons,shemeka.lyons@msn.com,NULL
Maryalice Henry,maryalice.henry@msn.com,NULL
Leeanne Cross,leeanne.cross@yahoo.com,NULL
Lanelle Guerra,lanelle.guerra@yahoo.com,NULL
Dann Huff,dann.huff@gmail.com,NULL
Sherise Mercer,sherise.mercer@gmail.com,NULL
Heather Perry,heather.perry@gmail.com,NULL
Theresia Barron,theresia.barron@aol.com,NULL
Cindi Ellis,cindi.ellis@yahoo.com,NULL
Mirella Duffy,mirella.duffy@yahoo.com,NULL
Carson Macias,carson.macias@gmail.com,NULL
Divina Madden,divina.madden@gmail.com,(562) 264-3998
Cher Alston,cher.alston@msn.com,NULL
Regine Odom,regine.odom@msn.com,NULL
Adam Thornton,adam.thornton@hotmail.com,NULL
Cori Schwartz,cori.schwartz@msn.com,NULL
Willow Gardner,willow.gardner@gmail.com,NULL
Jane Henderson,jane.henderson@hotmail.com,NULL
Chere Mcfadden,chere.mcfadden@yahoo.com,NULL
Ira Erickson,ira.erickson@aol.com,NULL
Risa Gallagher,risa.gallagher@yahoo.com,NULL
Lavinia Cotton,lavinia.cotton@yahoo.com,NULL
Alejandrina Hodges,alejandrina.hodges@msn.com,NULL
Keitha Black,keitha.black@yahoo.com,NULL
Corene Swanson,corene.swanson@aol.com,NULL
Tonda Webb,tonda.webb@yahoo.com,NULL
Collen Dennis,collen.dennis@gmail.com,NULL
Treasa Dickerson,treasa.dickerson@hotmail.com,NULL
Jewell Reyes,jewell.reyes@hotmail.com,NULL
Penny Acevedo,penny.acevedo@yahoo.com,NULL
Louise Flowers,louise.flowers@yahoo.com,NULL
Henrietta Wagner,henrietta.wagner@hotmail.com,(682) 143-2224
Ardelia Cooley,ardelia.cooley@aol.com,NULL
Khalilah Robertson,khalilah.robertson@aol.com,NULL
Armando Black,armando.black@gmail.com,NULL
Jerri Henry,jerri.henry@msn.com,NULL
Lynda Newman,lynda.newman@msn.com,NULL
Bao Wade,bao.wade@gmail.com,NULL
Gussie Harding,gussie.harding@gmail.com,NULL
Shirely Cantrell,shirely.cantrell@aol.com,NULL
Caroline Jenkins,caroline.jenkins@msn.com,NULL
Hollis Rasmussen,hollis.rasmussen@yahoo.com,NULL
Kendra Harrington,kendra.harrington@yahoo.com,NULL
Douglass Blankenship,douglass.blankenship@hotmail.com,(229) 891-2087
Lina Meadows,lina.meadows@aol.com,NULL
Patria Harper,patria.harper@msn.com,NULL
Jeffrey Hill,jeffrey.hill@gmail.com,NULL
Ja Dillard,ja.dillard@yahoo.com,NULL
Tora Dunlap,tora.dunlap@hotmail.com,NULL
Karole Alvarez,karole.alvarez@gmail.com,NULL
Shasta Combs,shasta.combs@yahoo.com,NULL
Cicely Deleon,cicely.deleon@yahoo.com,NULL
Raphael O'neil,raphael.o'neil@aol.com,NULL
Hubert Reilly,hubert.reilly@hotmail.com,NULL
Caleb England,caleb.england@gmail.com,NULL
Elmira Levy,elmira.levy@gmail.com,NULL
Waldo Hart,waldo.hart@yahoo.com,NULL
Bea Kane,bea.kane@aol.com,NULL
Gilberto Sanders,gilberto.sanders@hotmail.com,NULL
Benny Bender,benny.bender@aol.com,NULL
Desmond Rose,desmond.rose@hotmail.com,NULL
Parthenia Holman,parthenia.holman@gmail.com,NULL
Dung King,dung.king@aol.com,NULL
Sherril Alvarado,sherril.alvarado@hotmail.com,NULL
Alisia Albert,alisia.albert@gmail.com,NULL
Kallie Best,kallie.best@aol.com,(507) 997-4112
Dottie Roberts,dottie.roberts@aol.com,NULL
Hubert Stone,hubert.stone@hotmail.com,NULL
Gabriella Jones,gabriella.jones@hotmail.com,NULL
Penney Hall,penney.hall@msn.com,NULL
Mallie Osborn,mallie.osborn@gmail.com,NULL
Britteny Schroeder,britteny.schroeder@aol.com,NULL
Sommer Hopkins,sommer.hopkins@gmail.com,NULL
Jewel Sparks,jewel.sparks@aol.com,NULL
Deandrea Vega,deandrea.vega@gmail.com,(914) 818-7312
Charlsie Carson,charlsie.carson@hotmail.com,NULL
Kandace Ayers,kandace.ayers@gmail.com,NULL
Lenore Valdez,lenore.valdez@msn.com,NULL
Drucilla Gilliam,drucilla.gilliam@hotmail.com,NULL
Keturah Reid,keturah.reid@yahoo.com,(361) 394-2024
Herminia Reyes,herminia.reyes@gmail.com,NULL
Tuyet Rosa,tuyet.rosa@aol.com,NULL
Ara Vazquez,ara.vazquez@msn.com,NULL
Barry Albert,barry.albert@gmail.com,NULL
Verdell Joyner,verdell.joyner@aol.com,NULL
Han Wade,han.wade@hotmail.com,NULL
Anton Barton,anton.barton@msn.com,(716) 472-3707
Vito Pickett,vito.pickett@hotmail.com,NULL
Charlene Norris,charlene.norris@msn.com,NULL
Efren Whitfield,efren.whitfield@gmail.com,NULL
Santa Larson,santa.larson@gmail.com,NULL
Carmelina Sellers,carmelina.sellers@hotmail.com,NULL
Carmela Hays,carmela.hays@aol.com,NULL
Patrina Tanner,patrina.tanner@gmail.com,NULL
Rikki Morrow,rikki.morrow@hotmail.com,(682) 936-1482
Junita Reese,junita.reese@gmail.com,NULL
Ryan Carter,ryan.carter@yahoo.com,NULL
Almeta Benjamin,almeta.benjamin@aol.com,NULL
Beatris Joyner,beatris.joyner@gmail.com,NULL
Mechelle Chan,mechelle.chan@gmail.com,NULL
Earlean Pena,earlean.pena@yahoo.com,NULL
Katherin Clark,katherin.clark@yahoo.com,NULL
Chanel May,chanel.may@msn.com,NULL
Aaron Knapp,aaron.knapp@yahoo.com,(914) 402-4335
Sindy Anderson,sindy.anderson@gmail.com,NULL
Sheree Blanchard,sheree.blanchard@gmail.com,NULL
Charlesetta Soto,charlesetta.soto@yahoo.com,NULL
Wendie Nash,wendie.nash@hotmail.com,(805) 389-2549
Vernetta Banks,vernetta.banks@aol.com,NULL
Myrtle Gardner,myrtle.gardner@aol.com,NULL
Agustina Lawrence,agustina.lawrence@yahoo.com,NULL
Trinidad Chapman,trinidad.chapman@aol.com,NULL
Kim Clark,kim.clark@msn.com,NULL
Annabelle Hebert,annabelle.hebert@aol.com,NULL
Corine Stuart,corine.stuart@msn.com,NULL
Kiesha Bond,kiesha.bond@aol.com,NULL
Kenyetta Mason,kenyetta.mason@msn.com,NULL
Marcene Curtis,marcene.curtis@msn.com,(914) 361-6045
Sheila Goodman,sheila.goodman@msn.com,NULL
Romeo Steele,romeo.steele@msn.com,NULL
Tam Fisher,tam.fisher@aol.com,(507) 351-9375
Gena Owens,gena.owens@gmail.com,NULL
Phebe Soto,phebe.soto@hotmail.com,NULL
Leticia Snyder,leticia.snyder@yahoo.com,NULL
Chantell Bridges,chantell.bridges@yahoo.com,(716) 941-6072
Ileana Holt,ileana.holt@msn.com,NULL
Nakisha Clay,nakisha.clay@gmail.com,NULL
Cheryll Snyder,cheryll.snyder@yahoo.com,NULL
Consuela Collier,consuela.collier@msn.com,NULL
Aubrey Durham,aubrey.durham@aol.com,NULL
Nita Guy,nita.guy@hotmail.com,NULL
Carmina Emerson,carmina.emerson@hotmail.com,NULL
Georgeann Rojas,georgeann.rojas@msn.com,NULL
Leslie Higgins,leslie.higgins@hotmail.com,NULL
Emmaline Huber,emmaline.huber@gmail.com,NULL
Mercy Brown,mercy.brown@msn.com,NULL
Jenell Crosby,jenell.crosby@hotmail.com,(631) 544-4772
Leila Barr,leila.barr@yahoo.com,NULL
Deandrea Cox,deandrea.cox@msn.com,NULL
Shawnna Frank,shawnna.frank@hotmail.com,NULL
Brenton Whitaker,brenton.whitaker@gmail.com,NULL
Jaqueline Cummings,jaqueline.cummings@hotmail.com,NULL
Yang Giles,yang.giles@gmail.com,NULL
Brigid Sharp,brigid.sharp@hotmail.com,NULL
Karl Stephens,karl.stephens@gmail.com,NULL
Elvina Gates,elvina.gates@hotmail.com,NULL
Carlie Terrell,carlie.terrell@yahoo.com,(914) 517-8036
Donovan Cantrell,donovan.cantrell@msn.com,(510) 624-3824
Alden Atkinson,alden.atkinson@gmail.com,NULL
Carissa Cross,carissa.cross@yahoo.com,NULL
Joy Underwood,joy.underwood@gmail.com,NULL
Geraldine O'donnell,geraldine.o'donnell@hotmail.com,NULL
Bronwyn Vargas,bronwyn.vargas@msn.com,NULL
Abram Copeland,abram.copeland@gmail.com,NULL
Mellisa Griffin,mellisa.griffin@msn.com,NULL
Qiana Jackson,qiana.jackson@gmail.com,NULL
Magali Dixon,magali.dixon@msn.com,(248) 279-5331
Zulema Clemons,zulema.clemons@aol.com,(510) 565-8496
Carina Lynch,carina.lynch@gmail.com,NULL
Jesus Burch,jesus.burch@hotmail.com,NULL
Selene Vega,selene.vega@gmail.com,NULL
Jong Guthrie,jong.guthrie@hotmail.com,NULL
Lise Hebert,lise.hebert@gmail.com,NULL
Joshua Berg,joshua.berg@hotmail.com,NULL
Georgina Gonzales,georgina.gonzales@yahoo.com,NULL
Rudolph Velez,rudolph.velez@yahoo.com,NULL
Luke Kramer,luke.kramer@hotmail.com,NULL
Edgar Quinn,edgar.quinn@aol.com,NULL
Tara Maynard,tara.maynard@hotmail.com,NULL
Bella Perez,bella.perez@msn.com,NULL
Nathaniel Davidson,nathaniel.davidson@hotmail.com,NULL
Chauncey Donaldson,chauncey.donaldson@aol.com,NULL
Heide Reed,heide.reed@yahoo.com,NULL
Trang Hardin,trang.hardin@yahoo.com,NULL
Gabriela Warren,gabriela.warren@aol.com,(562) 986-2247
Dale Rasmussen,dale.rasmussen@aol.com,NULL
Tammie Cherry,tammie.cherry@hotmail.com,NULL
Bethany Herring,bethany.herring@yahoo.com,NULL
Barbra Dickerson,barbra.dickerson@gmail.com,NULL
Neoma Daugherty,neoma.daugherty@gmail.com,NULL
Nanette Roman,nanette.roman@yahoo.com,NULL
Adriene Rollins,adriene.rollins@msn.com,NULL
Susannah Fields,susannah.fields@hotmail.com,NULL
Dung Reid,dung.reid@msn.com,NULL
Ben Stone,ben.stone@gmail.com,NULL
Nubia Anderson,nubia.anderson@aol.com,NULL
Rosamaria Meyer,rosamaria.meyer@yahoo.com,NULL
Todd Waters,todd.waters@yahoo.com,NULL
Kimbery Nieves,kimbery.nieves@msn.com,NULL
Phuong Wolf,phuong.wolf@yahoo.com,NULL
Adelaida Hancock,adelaida.hancock@aol.com,NULL
Brianne Hays,brianne.hays@gmail.com,NULL
Rufina Chandler,rufina.chandler@aol.com,NULL
Devin Velazquez,devin.velazquez@aol.com,(631) 254-8497
Bonita Marshall,bonita.marshall@msn.com,NULL
Myrl Gay,myrl.gay@hotmail.com,NULL
Earline Gordon,earline.gordon@gmail.com,NULL
Sung Chambers,sung.chambers@gmail.com,NULL
Gustavo Gamble,gustavo.gamble@msn.com,NULL
Ciera Webb,ciera.webb@yahoo.com,NULL
Roy Chan,roy.chan@hotmail.com,NULL
Houston Vasquez,houston.vasquez@msn.com,NULL
Cheree Hale,cheree.hale@yahoo.com,NULL
Odette Moses,odette.moses@gmail.com,NULL
Lenita Bonner,lenita.bonner@aol.com,NULL
Shona Mcmillan,shona.mcmillan@msn.com,NULL
Piedad Irwin,piedad.irwin@hotmail.com,NULL
Loan Graham,loan.graham@yahoo.com,NULL
Stan Saunders,stan.saunders@yahoo.com,NULL
Jackeline Colon,jackeline.colon@msn.com,NULL
Marlen Dawson,marlen.dawson@msn.com,NULL
Alexis Mack,alexis.mack@aol.com,(845) 707-6088
Mica Barry,mica.barry@yahoo.com,NULL
Shanice Spears,shanice.spears@msn.com,NULL
Garth Huff,garth.huff@yahoo.com,NULL
Dione Pratt,dione.pratt@msn.com,NULL
Victor Pittman,victor.pittman@aol.com,NULL
Allie Conley,allie.conley@msn.com,NULL
Shanelle Anderson,shanelle.anderson@yahoo.com,NULL
Minnie Compton,minnie.compton@gmail.com,NULL
Shiloh Bates,shiloh.bates@msn.com,NULL
Lakenya Oliver,lakenya.oliver@yahoo.com,NULL
Sally Kinney,sally.kinney@msn.com,NULL
Edith Davenport,edith.davenport@gmail.com,NULL
Alline Beasley,alline.beasley@yahoo.com,NULL
Travis Whitley,travis.whitley@aol.com,NULL
Vanessa West,vanessa.west@gmail.com,NULL
Trudy Riddle,trudy.riddle@aol.com,NULL
Shauna Edwards,shauna.edwards@msn.com,NULL
Clorinda Donovan,clorinda.donovan@msn.com,NULL
Raven Curtis,raven.curtis@aol.com,NULL
Verda Gilbert,verda.gilbert@gmail.com,NULL
Renay Atkins,renay.atkins@aol.com,NULL
Tama Berg,tama.berg@hotmail.com,NULL
Dalia Carson,dalia.carson@aol.com,(507) 186-2004
America Swanson,america.swanson@msn.com,NULL
Cinda Rocha,cinda.rocha@hotmail.com,NULL
Shea Howell,shea.howell@msn.com,NULL
Kimberli Cline,kimberli.cline@yahoo.com,NULL
Emanuel Mckee,emanuel.mckee@yahoo.com,NULL
Whitley Cannon,whitley.cannon@msn.com,NULL
Tereasa Bird,tereasa.bird@aol.com,NULL
Dante Grimes,dante.grimes@yahoo.com,NULL
Joeann Garrison,joeann.garrison@yahoo.com,NULL
Omega Johnston,omega.johnston@gmail.com,NULL
Conrad Mueller,conrad.mueller@yahoo.com,NULL
Glady Wells,glady.wells@gmail.com,NULL
Tisha Petty,tisha.petty@msn.com,(210) 851-3122
Claris Santiago,claris.santiago@msn.com,NULL
Obdulia Barber,obdulia.barber@gmail.com,NULL
Shantel Gregory,shantel.gregory@yahoo.com,NULL
Ai Forbes,ai.forbes@yahoo.com,NULL
Ebony Cotton,ebony.cotton@yahoo.com,NULL
Arla Ellis,arla.ellis@yahoo.com,NULL
Magdalena Sherman,magdalena.sherman@gmail.com,NULL
Tarra Guerrero,tarra.guerrero@aol.com,NULL
Consuela Romero,consuela.romero@hotmail.com,NULL
Cindie Franklin,cindie.franklin@yahoo.com,NULL
Sharyn Brewer,sharyn.brewer@aol.com,NULL
Karren Stevenson,karren.stevenson@aol.com,NULL
Divina Reeves,divina.reeves@hotmail.com,NULL
Novella Ross,novella.ross@gmail.com,NULL
Omega Huff,omega.huff@aol.com,NULL
Ashleigh Finch,ashleigh.finch@yahoo.com,NULL
Corina Lynch,corina.lynch@msn.com,NULL
Joe Melton,joe.melton@gmail.com,NULL
Bernetta Summers,bernetta.summers@aol.com,NULL
Inez Snider,inez.snider@gmail.com,NULL
Neida King,neida.king@aol.com,(442) 778-1121
Tona Velasquez,tona.velasquez@msn.com,NULL
Rozanne Reyes,rozanne.reyes@aol.com,NULL
Lekisha Pope,lekisha.pope@msn.com,NULL
Jama Rodriquez,jama.rodriquez@msn.com,NULL
Eloisa Tucker,eloisa.tucker@hotmail.com,NULL
Arie Hunter,arie.hunter@msn.com,NULL
Sanora Webster,sanora.webster@msn.com,(424) 464-7290
Kate Barber,kate.barber@hotmail.com,NULL
Yvone Guerrero,yvone.guerrero@aol.com,NULL
Kami Rios,kami.rios@yahoo.com,NULL
Annett Rush,annett.rush@hotmail.com,NULL
Carman Hardy,carman.hardy@yahoo.com,NULL
Dorothea Miranda,dorothea.miranda@aol.com,NULL
Agatha Daniels,agatha.daniels@yahoo.com,NULL
Alexandria Zamora,alexandria.zamora@yahoo.com,NULL
Thad Gilliam,thad.gilliam@hotmail.com,NULL
Inger Jennings,inger.jennings@yahoo.com,NULL
Karren Lamb,karren.lamb@aol.com,(559) 628-2239
Noble Glover,noble.glover@gmail.com,NULL
Octavia Donaldson,octavia.donaldson@hotmail.com,NULL
Latashia Travis,latashia.travis@yahoo.com,NULL
Destiny Goodman,destiny.goodman@msn.com,NULL
Christiana Gross,christiana.gross@yahoo.com,NULL
Nestor Haynes,nestor.haynes@msn.com,(281) 969-4579
Grisel Maynard,grisel.maynard@msn.com,NULL
Shenna Espinoza,shenna.espinoza@gmail.com,NULL
Trena Rogers,trena.rogers@aol.com,NULL
Lucile Manning,lucile.manning@yahoo.com,NULL
Veronique Fulton,veronique.fulton@yahoo.com,NULL
Starr Schneider,starr.schneider@aol.com,NULL
Rona Rojas,rona.rojas@gmail.com,(408) 611-3553
Pandora Estes,pandora.estes@aol.com,NULL
Renna Williams,renna.williams@hotmail.com,NULL
Lanora Robbins,lanora.robbins@hotmail.com,NULL
Juliane Dillard,juliane.dillard@aol.com,NULL
Carlena Salinas,carlena.salinas@gmail.com,NULL
Kimberley Reynolds,kimberley.reynolds@aol.com,NULL
Johana Jacobson,johana.jacobson@gmail.com,(507) 407-9384
Enoch Rosario,enoch.rosario@hotmail.com,(559) 329-7615
Dorine Thornton,dorine.thornton@gmail.com,NULL
Eliz Lynch,eliz.lynch@hotmail.com,NULL
Mercedez Brooks,mercedez.brooks@hotmail.com,NULL
Wynona Douglas,wynona.douglas@msn.com,NULL
Desire Mcgowan,desire.mcgowan@msn.com,(661) 800-8091
Elmo Sweeney,elmo.sweeney@yahoo.com,NULL
Kenton Hughes,kenton.hughes@gmail.com,NULL
Cesar Wilkins,cesar.wilkins@hotmail.com,(619) 685-5786
Phylicia Stout,phylicia.stout@aol.com,NULL
Nanette Harris,nanette.harris@hotmail.com,NULL
Ulrike Chan,ulrike.chan@aol.com,NULL
Genoveva Lloyd,genoveva.lloyd@aol.com,NULL
Sheryl Chase,sheryl.chase@gmail.com,NULL
Trista Lambert,trista.lambert@gmail.com,NULL
Vivian Deleon,vivian.deleon@msn.com,NULL
Genny Fields,genny.fields@msn.com,NULL
Eliseo Knight,eliseo.knight@msn.com,NULL
Delma Bailey,delma.bailey@gmail.com,(657) 454-8493
Dewayne Herring,dewayne.herring@aol.com,NULL
Nevada Hood,nevada.hood@aol.com,NULL
Angelika Perry,angelika.perry@msn.com,NULL
Shayla Hart,shayla.hart@msn.com,NULL
Willetta Murphy,willetta.murphy@msn.com,NULL
Sandee Alvarado,sandee.alvarado@aol.com,NULL
Mila Moody,mila.moody@gmail.com,(248) 234-5902
Loyce Conway,loyce.conway@aol.com,NULL
Thanh Figueroa,thanh.figueroa@yahoo.com,NULL
Farrah Orr,farrah.orr@msn.com,NULL
Hugh Craft,hugh.craft@msn.com,NULL
Eleanor Mendez,eleanor.mendez@yahoo.com,NULL
Lamar Bush,lamar.bush@msn.com,(716) 294-7174
Lurlene Finch,lurlene.finch@msn.com,(914) 367-7691
Shanda Stevenson,shanda.stevenson@yahoo.com,NULL
Adrien Hunter,adrien.hunter@yahoo.com,NULL
Ophelia Decker,ophelia.decker@yahoo.com,NULL
Sonja Walls,sonja.walls@aol.com,NULL
Harold O'connor,harold.o'connor@gmail.com,NULL
Miranda Kennedy,miranda.kennedy@gmail.com,NULL
Jasper Castro,jasper.castro@aol.com,NULL
Penni Best,penni.best@msn.com,(657) 611-2991
Lurlene Cotton,lurlene.cotton@yahoo.com,NULL
Kelsey Noble,kelsey.noble@hotmail.com,NULL
Edris Barrett,edris.barrett@hotmail.com,NULL
Tempie Jacobson,tempie.jacobson@hotmail.com,NULL
Dollie Cervantes,dollie.cervantes@aol.com,(682) 362-7457
Lashunda Cole,lashunda.cole@hotmail.com,NULL
Justina Jenkins,justina.jenkins@msn.com,NULL
Londa Gould,londa.gould@aol.com,(361) 206-5550
Mikel Wilkerson,mikel.wilkerson@msn.com,NULL
Carola Johns,carola.johns@msn.com,NULL
Lorrie Justice,lorrie.justice@gmail.com,NULL
Tayna Wade,tayna.wade@hotmail.com,(661) 858-1224
Mark Benton,mark.benton@aol.com,NULL
Zona Cameron,zona.cameron@aol.com,NULL
Nicola Knight,nicola.knight@aol.com,NULL
Elana Miles,elana.miles@yahoo.com,NULL
Merrie Fowler,merrie.fowler@aol.com,NULL
Macie Ayers,macie.ayers@msn.com,NULL
Son Warner,son.warner@hotmail.com,NULL
Lee Dunn,lee.dunn@aol.com,(408) 807-6157
Florrie Little,florrie.little@yahoo.com,NULL
Ernest Rollins,ernest.rollins@yahoo.com,NULL
Jamaal Morrison,jamaal.morrison@msn.com,NULL
Cassie Cline,cassie.cline@gmail.com,NULL
Lezlie Lamb,lezlie.lamb@gmail.com,NULL
Ivette Estes,ivette.estes@gmail.com,NULL
Ester Acevedo,ester.acevedo@gmail.com,NULL
